Workbook

Sheet Requirements
A1: Requirement ID | B1: Requirement Type | C1: Requirement Description | D1: Requirements Status | E1: Customer Release | F1: Test Case ID | G1: Test Type | H1: Test Case Description | I1: Test Case Status | J1: Linked Requirements
A2: =IF(B2="","",CONCATENATE(Configuration!$A$2,"_",ROW(B2)-1)) -> Template_BfctSpec_1 | B2: Heading | C2: General | D2: Reviewed | F2: =IF(OR(G2="",G2="No"),"",CONCATENATE(Configuration!$A$2,"_TC_",ROW(B2)-1)) | G2: No
A3: =IF(B3="","",CONCATENATE(Configuration!$A$2,"_",ROW(B3)-1)) -> Template_BfctSpec_2 | B3: Sub-heading | C3: Definition of terms | D3: Reviewed | F3: =IF(OR(G3="",G3="No"),"",CONCATENATE(Configuration!$A$2,"_TC_",ROW(B3)-1)) | G3: No
A4: =IF(B4="","",CONCATENATE(Configuration!$A$2,"_",ROW(B4)-1)) -> Template_BfctSpec_3 | B4: Sub-heading | C4: Abbreviations | D4: Reviewed | F4: =IF(OR(G4="",G4="No"),"",CONCATENATE(Configuration!$A$2,"_TC_",ROW(B4)-1)) | G4: No
A5: =IF(B5="","",CONCATENATE(Configuration!$A$2,"_",ROW(B5)-1)) -> Template_BfctSpec_4 | B5: Heading | C5: Base Function <Name> | D5: Reviewed | F5: =IF(OR(G5="",G5="No"),"",CONCATENATE(Configuration!$A$2,"_TC_",ROW(B5)-1)) | G5: No
A6: =IF(B6="","",CONCATENATE(Configuration!$A$2,"_",ROW(B6)-1)) -> Template_BfctSpec_5 | B6: Sub-heading | C6: Short Description | D6: Reviewed | F6: =IF(OR(G6="",G6="No"),"",CONCATENATE(Configuration!$A$2,"_TC_",ROW(B6)-1)) | G6: No
A7: =IF(B7="","",CONCATENATE(Configuration!$A$2,"_",ROW(B7)-1)) -> Template_BfctSpec_6 | B7: Sub-heading | C7: Inputs | D7: Reviewed | F7: =IF(OR(G7="",G7="No"),"",CONCATENATE(Configuration!$A$2,"_TC_",ROW(B7)-1)) | G7: No
A8: =IF(B8="","",CONCATENATE(Configuration!$A$2,"_",ROW(B8)-1)) -> Template_BfctSpec_7 | B8: Sub-heading | C8: Outputs | D8: Reviewed | F8: =IF(OR(G8="",G8="No"),"",CONCATENATE(Configuration!$A$2,"_TC_",ROW(B8)-1)) | G8: No
A9: =IF(B9="","",CONCATENATE(Configuration!$A$2,"_",ROW(B9)-1)) -> Template_BfctSpec_8 | B9: Sub-heading | C9: Parameter | D9: Reviewed | F9: =IF(OR(G9="",G9="No"),"",CONCATENATE(Configuration!$A$2,"_TC_",ROW(B9)-1)) | G9: No
A10: =IF(B10="","",CONCATENATE(Configuration!$A$2,"_",ROW(B10)-1)) -> Template_BfctSpec_9 | B10: Sub-heading | C10: Processing | D10: Reviewed | F10: =IF(OR(G10="",G10="No"),"",CONCATENATE(Configuration!$A$2,"_TC_",ROW(B10)-1)) | G10: No
A11: =IF(B11="","",CONCATENATE(Configuration!$A$2,"_",ROW(B11)-1)) -> Template_BfctSpec_10 | B11: Sub-heading | C11: Resource consuption | D11: Reviewed | F11: =IF(OR(G11="",G11="No"),"",CONCATENATE(Configuration!$A$2,"_TC_",ROW(B11)-1)) | G11: No
A12: =IF(B12="","",CONCATENATE(Configuration!$A$2,"_",ROW(B12)-1)) -> Template_BfctSpec_11 | B12: Heading | C12: Support Function <Name> | D12: Reviewed | F12: =IF(OR(G12="",G12="No"),"",CONCATENATE(Configuration!$A$2,"_TC_",ROW(B12)-1)) | G12: No
A13: =IF(B13="","",CONCATENATE(Configuration!$A$2,"_",ROW(B13)-1)) -> Template_BfctSpec_12 | B13: Sub-heading | C13: Short Description | D13: Reviewed | F13: =IF(OR(G13="",G13="No"),"",CONCATENATE(Configuration!$A$2,"_TC_",ROW(B13)-1)) | G13: No
... A19: =IF(B19="","",CONCATENATE(Configuration!$A$2,"_",ROW(B19)-1)) -> Template_BfctSpec_18 | B19: Heading | C19: Appendices and References | D19: Reviewed | F19: =IF(OR(G19="",G19="No"),"",CONCATENATE(Configuration!$A$2,"_TC_",ROW(B19)-1)) | G19: No

Sheet Configuration
A1: ID Prefix | B1: Requirement Type | C1: Requirement Status | D1: Test Type | E1: Test Status
A2: Template_BfctSpec | B2: Heading | C2: New | D2: Automatic | E2: New
B3: Information | C3: Changed | D3: Manual | E3: Changed
B4: Function | C4: Review | D4: No | E4: Review
B5: Non Function | C5: Reviewed | E5: Reviewed
B6: Standard | C6: Rejected | E6: Rejected
B7: Sub-heading
B8: Interface
B9: Parameter

Sheet KPI
